mean_fit_time,std_fit_time,mean_score_time,std_score_time,param_class_weight,param_criterion,param_max_depth,params,split0_test_score,split1_test_score,split2_test_score,mean_test_score,std_test_score,rank_test_score,split0_train_score,split1_train_score,split2_train_score,mean_train_score,std_train_score
0.004670858383178711,0.0004715389511856095,0.002002239227294922,1.9466795466607238e-07,balanced,gini,1,"{'class_weight': 'balanced', 'criterion': 'gini', 'max_depth': 1}",0.712635853047731,0.6569819636007499,0.7415901908734669,0.7037387035241719,0.03510478045167475,21,0.7769001739267141,0.7141786565155301,0.7121563836285859,0.73441173802361,0.03005520238967459
0.002335151036580404,0.0004719885978494184,0.001000801722208659,2.9736021254650284e-07,balanced,gini,2,"{'class_weight': 'balanced', 'criterion': 'gini', 'max_depth': 2}",0.807510556104578,0.8500119990400774,0.8577611079053652,0.8384185045781569,0.022092775641754717,5,0.8231424976521751,0.8615711481722772,0.8503009800735151,0.8450048752993226,0.016129204145141116
0.0030030409495035806,2.9736021254650284e-07,0.0006679693857828776,0.00047232617373255044,balanced,gini,3,"{'class_weight': 'balanced', 'criterion': 'gini', 'max_depth': 3}",0.840005057529399,0.8364419274063328,0.8653300410883806,0.8472568071720804,0.012859349024003432,1,0.8758550066439824,0.8650221666477196,0.8493313993919983,0.8634028575612335,0.010888589037843193
0.003670374552408854,0.00047249491133231236,0.000667413075764974,0.0004719323518753975,balanced,gini,4,"{'class_weight': 'balanced', 'criterion': 'gini', 'max_depth': 4}",0.8426045709357501,0.8090653531358057,0.8874176791497304,0.8463613939022483,0.03209258366539124,2,0.8820900536205556,0.8904371050602784,0.8803217564395835,0.8842829717068058,0.004411102411665435
0.004670858383178711,0.0004723819182213035,0.0006673336029052734,0.0004718761259665186,balanced,gini,5,"{'class_weight': 'balanced', 'criterion': 'gini', 'max_depth': 5}",0.7967583271744968,0.8016070592294985,0.8799214898240524,0.8260867218287014,0.03810971669038436,7,0.9048750188523478,0.9178997930690246,0.8876565385176547,0.903477116813009,0.012386261449644644
0.007339159647623698,0.0033021776263788697,0.0010009606679280598,0.0008176056027204521,balanced,gini,6,"{'class_weight': 'balanced', 'criterion': 'gini', 'max_depth': 6}",0.7894606512153286,0.8007736943907152,0.8716403262691064,0.8206154325857755,0.03636635014502432,8,0.9229683941898302,0.93737298469042,0.9077618779722887,0.9227010856175131,0.012090161307795291
0.010675827662150065,0.003684491832229833,0.0013345877329508464,0.0012484243728881777,balanced,gini,7,"{'class_weight': 'balanced', 'criterion': 'gini', 'max_depth': 7}",0.7676076098546506,0.7878077373974204,0.8618544286861115,0.8057450141395991,0.04051462130419916,11,0.9265505636668407,0.9486512485215005,0.9284925304149569,0.934564780867766,0.009992138140640951
0.005671580632527669,0.0004719326730705818,0.0010004043579101562,6.743495761743046e-07,balanced,gini,8,"{'class_weight': 'balanced', 'criterion': 'gini', 'max_depth': 8}",0.7438000799375734,0.7611493407574718,0.852973395931142,0.7859614727573568,0.04790042467027603,13,0.9489998922386991,0.9574979745630832,0.936104733765625,0.9475342001891357,0.008795031849198436
0.00567166010538737,0.0004719885978494184,0.001001119613647461,5.150429962800233e-07,balanced,gini,9,"{'class_weight': 'balanced', 'criterion': 'gini', 'max_depth': 9}",0.7212783525183358,0.7263881716630872,0.8271496306873888,0.7582608244001438,0.048745319265610224,15,0.9636568384441332,0.9694581280788166,0.9505338571213842,0.9612162745481113,0.007916197400078073
0.006005128224690755,0.0008170215989944975,0.0006676514943440756,0.00047210090915379704,balanced,gini,10,"{'class_weight': 'balanced', 'criterion': 'gini', 'max_depth': 10}",0.7028118979695412,0.7017602682313487,0.7918248052398623,0.7321234253535404,0.042207825872878656,18,0.973147687717553,0.9759484254897087,0.9655652359847973,0.9715537830640196,0.004386194638266927
0.006672859191894531,0.0004722135415005225,0.0006672541300455729,0.0004718199602889324,balanced,gini,11,"{'class_weight': 'balanced', 'criterion': 'gini', 'max_depth': 11}",0.6758150653578154,0.6857094182117598,0.781770694525878,0.714420006256196,0.04778434999521499,20,0.9782554361409646,0.9808123598305497,0.9712070962725514,0.9767582974146886,0.004061718870867272
0.010343313217163086,0.005441794721640598,0.0013344287872314453,0.0012480845456581367,balanced,gini,12,"{'class_weight': 'balanced', 'criterion': 'gini', 'max_depth': 12}",0.6412729332302907,0.6608807834398629,0.7376174103348867,0.6799119788724627,0.04157268637769212,25,0.9856459330143538,0.986466165413533,0.9808304892490113,0.9843141958922993,0.0024860080825201128
0.006339867909749349,0.0004723259330368765,0.0010005633036295574,1.251539846104274e-06,balanced,gini,13,"{'class_weight': 'balanced', 'criterion': 'gini', 'max_depth': 13}",0.6433502559636344,0.6359447004608283,0.7018894651465649,0.6603896343371629,0.029493521108185178,28,0.9893832153690594,0.9896907216494844,0.9853247290792445,0.9881328886992627,0.001989633193455672
0.006672859191894531,0.0004720447434618672,0.0006674925486246744,0.00047198875842789976,balanced,gini,14,"{'class_weight': 'balanced', 'criterion': 'gini', 'max_depth': 14}",0.6001623483468991,0.6437501864947919,0.7031787359446081,0.6490155926166019,0.042223847798714284,30,0.9903846153846151,0.9914357682619646,0.9903160040774714,0.9907121292413503,0.0005124561457553168
0.011010964711507162,0.004971523383409495,0.0016678969065348308,0.0009427969485089362,balanced,gini,15,"{'class_weight': 'balanced', 'criterion': 'gini', 'max_depth': 15}",0.6100597582283959,0.6583696328562527,0.6665958614341598,0.6449978109328922,0.02494322899675727,31,0.9913880445795338,0.9926860025220676,0.9951344430217667,0.9930694967077893,0.0015533139122218794
0.006366252899169922,0.00045459527501474884,0.0009752909342447916,3.635985385178214e-05,balanced,gini,16,"{'class_weight': 'balanced', 'criterion': 'gini', 'max_depth': 16}",0.5718466491074041,0.6080173347778969,0.6996603028917655,0.6264915063824966,0.05379316046650193,107,0.9951690821256037,0.9969604863221883,0.9969214982042072,0.9963503555506664,0.0008354380874349158
0.011010249455769857,0.005661951436502005,0.001001119613647461,0.0008174107416428379,balanced,gini,17,"{'class_weight': 'balanced', 'criterion': 'gini', 'max_depth': 17}",0.5730269910556175,0.5860792066779626,0.6850016401893245,0.6146899645008815,0.049991383766322214,152,0.996689584924879,0.9979716024340769,0.9982019008476752,0.9976210294022104,0.0006653074229706646
0.006672859191894531,0.00047305622768627464,0.0010004838307698567,1.1069288474070324e-06,balanced,gini,18,"{'class_weight': 'balanced', 'criterion': 'gini', 'max_depth': 18}",0.5582920947667972,0.601045296167246,0.6773233718868023,0.6122038876091215,0.04923407433485813,185,0.998214741137465,0.9994921279837482,0.9989717223650385,0.9988928638287505,0.0005244637199549288
0.006673097610473633,0.0004728878907190721,0.000667572021484375,0.00047204486388140876,balanced,gini,19,"{'class_weight': 'balanced', 'criterion': 'gini', 'max_depth': 19}",0.5655122319386671,0.6018691588785033,0.6845725592586304,0.6173022608240267,0.049819217037208215,149,0.9984693877551022,0.999745999491999,0.9989717223650385,0.9990623698707132,0.0005251013295288784
0.007006486256917317,7.370009816086851e-07,0.0006673336029052734,0.0004718761259665186,balanced,gini,20,"{'class_weight': 'balanced', 'criterion': 'gini', 'max_depth': 20}",0.5582920947667972,0.6088465949598573,0.6768966248204064,0.6146613254832897,0.04859793092603154,154,0.9984693877551022,1.0,0.9994855967078189,0.999318328154307,0.0006359651656095862
0.007005214691162109,5.150429962800233e-07,0.0006680488586425781,0.00047238187811010033,balanced,gini,21,"{'class_weight': 'balanced', 'criterion': 'gini', 'max_depth': 21}",0.5579031521242576,0.6088465949598573,0.6773233718868023,0.6146738050932294,0.04893051666159568,153,0.9992341077355119,1.0,0.9997427321842037,0.9996589466399053,0.0003182375981094649
0.006672302881876628,0.00047181996028893236,0.0010011990865071614,4.899036091938795e-07,balanced,gini,22,"{'class_weight': 'balanced', 'criterion': 'gini', 'max_depth': 22}",0.5575147510300041,0.6088465949598573,0.6768966248204064,0.6144020536269208,0.048899111668100965,183,0.9994892747701737,1.0,1.0,0.9998297582567246,0.00024075818222216324
0.006672302881876628,0.00047182188791582494,0.0010008811950683594,5.150429962800233e-07,balanced,gini,23,"{'class_weight': 'balanced', 'criterion': 'gini', 'max_depth': 23}",0.5579031521242576,0.6088465949598573,0.6768966248204064,0.6145315992422726,0.04874851438023989,155,0.9994892747701737,1.0,1.0,0.9998297582567246,0.00024075818222216324
0.007006247838338216,8.104673248279548e-07,0.0006666978200276693,0.0004714266399769444,balanced,gini,24,"{'class_weight': 'balanced', 'criterion': 'gini', 'max_depth': 24}",0.5579031521242576,0.6088465949598573,0.6768966248204064,0.6145315992422726,0.04874851438023989,155,1.0,1.0,1.0,1.0,0.0
0.006672382354736328,0.0004723819182213035,0.001001119613647461,1.9466795466607238e-07,balanced,gini,25,"{'class_weight': 'balanced', 'criterion': 'gini', 'max_depth': 25}",0.5579031521242576,0.6088465949598573,0.6768966248204064,0.6145315992422726,0.04874851438023989,155,1.0,1.0,1.0,1.0,0.0
0.00667119026184082,0.0004712040282523688,0.0006678899129231771,0.0004722698476006887,balanced,gini,26,"{'class_weight': 'balanced', 'criterion': 'gini', 'max_depth': 26}",0.5579031521242576,0.6088465949598573,0.6768966248204064,0.6145315992422726,0.04874851438023989,155,1.0,1.0,1.0,1.0,0.0
0.011343717575073242,0.006133040814862549,0.0016682942708333333,0.000944201978847888,balanced,gini,27,"{'class_weight': 'balanced', 'criterion': 'gini', 'max_depth': 27}",0.5579031521242576,0.6088465949598573,0.6768966248204064,0.6145315992422726,0.04874851438023989,155,1.0,1.0,1.0,1.0,0.0
0.0070069630940755205,7.867411722033553e-07,0.0003337860107421875,0.0004720447033220132,balanced,gini,28,"{'class_weight': 'balanced', 'criterion': 'gini', 'max_depth': 28}",0.5579031521242576,0.6088465949598573,0.6768966248204064,0.6145315992422726,0.04874851438023989,155,1.0,1.0,1.0,1.0,0.0
0.006673494974772136,0.0004721571350483414,0.0010004043579101562,3.371747880871523e-07,balanced,gini,29,"{'class_weight': 'balanced', 'criterion': 'gini', 'max_depth': 29}",0.5579031521242576,0.6088465949598573,0.6768966248204064,0.6145315992422726,0.04874851438023989,155,1.0,1.0,1.0,1.0,0.0
0.0066725413004557295,0.0004716514231259032,0.0010015169779459636,1.0721474936192862e-06,balanced,gini,30,"{'class_weight': 'balanced', 'criterion': 'gini', 'max_depth': 30}",0.5579031521242576,0.6088465949598573,0.6768966248204064,0.6145315992422726,0.04874851438023989,155,1.0,1.0,1.0,1.0,0.0
0.011010328928629557,0.005662232419674848,0.0013349056243896484,0.0004720447434618672,balanced,gini,31,"{'class_weight': 'balanced', 'criterion': 'gini', 'max_depth': 31}",0.5579031521242576,0.6088465949598573,0.6768966248204064,0.6145315992422726,0.04874851438023989,155,1.0,1.0,1.0,1.0,0.0
0.006673018137613933,0.00047181992012995503,0.0010009606679280598,8.778064264605253e-07,balanced,gini,32,"{'class_weight': 'balanced', 'criterion': 'gini', 'max_depth': 32}",0.5579031521242576,0.6088465949598573,0.6768966248204064,0.6145315992422726,0.04874851438023989,155,1.0,1.0,1.0,1.0,0.0
0.011010090510050455,0.006383023002935754,0.0013345877329508464,0.0004722696469970464,balanced,gini,33,"{'class_weight': 'balanced', 'criterion': 'gini', 'max_depth': 33}",0.5579031521242576,0.6088465949598573,0.6768966248204064,0.6145315992422726,0.04874851438023989,155,1.0,1.0,1.0,1.0,0.0
0.007006168365478516,5.150429962800233e-07,0.0010011990865071614,4.899036091938795e-07,balanced,gini,34,"{'class_weight': 'balanced', 'criterion': 'gini', 'max_depth': 34}",0.5579031521242576,0.6088465949598573,0.6768966248204064,0.6145315992422726,0.04874851438023989,155,1.0,1.0,1.0,1.0,0.0
0.0066721439361572266,0.0004712018568280267,0.0010004043579101562,1.9466795466607238e-07,balanced,gini,35,"{'class_weight': 'balanced', 'criterion': 'gini', 'max_depth': 35}",0.5579031521242576,0.6088465949598573,0.6768966248204064,0.6145315992422726,0.04874851438023989,155,1.0,1.0,1.0,1.0,0.0
0.011009295781453451,0.005662457196174174,0.0006669362386067709,0.00047159517711601586,balanced,gini,36,"{'class_weight': 'balanced', 'criterion': 'gini', 'max_depth': 36}",0.5579031521242576,0.6088465949598573,0.6768966248204064,0.6145315992422726,0.04874851438023989,155,1.0,1.0,1.0,1.0,0.0
0.006673494974772136,0.0004721577370024199,0.0010017553965250652,1.1239159602905075e-07,balanced,gini,37,"{'class_weight': 'balanced', 'criterion': 'gini', 'max_depth': 37}",0.5579031521242576,0.6088465949598573,0.6768966248204064,0.6145315992422726,0.04874851438023989,155,1.0,1.0,1.0,1.0,0.0
0.007005850474039714,7.867411722033553e-07,0.0006666978200276693,0.00047142655959197545,balanced,gini,38,"{'class_weight': 'balanced', 'criterion': 'gini', 'max_depth': 38}",0.5579031521242576,0.6088465949598573,0.6768966248204064,0.6145315992422726,0.04874851438023989,155,1.0,1.0,1.0,1.0,0.0
0.006339867909749349,0.00047181992012995503,0.0010005633036295574,5.947204250930057e-07,balanced,gini,39,"{'class_weight': 'balanced', 'criterion': 'gini', 'max_depth': 39}",0.5579031521242576,0.6088465949598573,0.6768966248204064,0.6145315992422726,0.04874851438023989,155,1.0,1.0,1.0,1.0,0.0
0.006339470545450847,0.0004719324723236172,0.0010004043579101562,5.150429962800233e-07,balanced,gini,40,"{'class_weight': 'balanced', 'criterion': 'gini', 'max_depth': 40}",0.5579031521242576,0.6088465949598573,0.6768966248204064,0.6145315992422726,0.04874851438023989,155,1.0,1.0,1.0,1.0,0.0
0.007006327311197917,1.0721474936192864e-06,0.0010005633036295574,6.836513890459241e-07,balanced,gini,41,"{'class_weight': 'balanced', 'criterion': 'gini', 'max_depth': 41}",0.5579031521242576,0.6088465949598573,0.6768966248204064,0.6145315992422726,0.04874851438023989,155,1.0,1.0,1.0,1.0,0.0
0.006673494974772136,0.0004733372166839094,0.0006668567657470703,0.00047153903155141864,balanced,gini,42,"{'class_weight': 'balanced', 'criterion': 'gini', 'max_depth': 42}",0.5579031521242576,0.6088465949598573,0.6768966248204064,0.6145315992422726,0.04874851438023989,155,1.0,1.0,1.0,1.0,0.0
0.011343081792195639,0.0061333218147052275,0.0013345082600911458,0.00047232569234108,balanced,gini,43,"{'class_weight': 'balanced', 'criterion': 'gini', 'max_depth': 43}",0.5579031521242576,0.6088465949598573,0.6768966248204064,0.6145315992422726,0.04874851438023989,155,1.0,1.0,1.0,1.0,0.0
0.006672779719034831,0.00047232569234108,0.0010004838307698567,2.247831920581015e-07,balanced,gini,44,"{'class_weight': 'balanced', 'criterion': 'gini', 'max_depth': 44}",0.5579031521242576,0.6088465949598573,0.6768966248204064,0.6145315992422726,0.04874851438023989,155,1.0,1.0,1.0,1.0,0.0
0.011009772618611654,0.006383284691866739,0.0013347466786702473,0.0012487642391422185,balanced,gini,45,"{'class_weight': 'balanced', 'criterion': 'gini', 'max_depth': 45}",0.5579031521242576,0.6088465949598573,0.6768966248204064,0.6145315992422726,0.04874851438023989,155,1.0,1.0,1.0,1.0,0.0
0.0066725413004557295,0.0004726628671220129,0.001001437505086263,2.9736021254650284e-07,balanced,gini,46,"{'class_weight': 'balanced', 'criterion': 'gini', 'max_depth': 46}",0.5579031521242576,0.6088465949598573,0.6768966248204064,0.6145315992422726,0.04874851438023989,155,1.0,1.0,1.0,1.0,0.0
0.011344671249389648,0.006133041031124996,0.0010000069936116536,0.0008171194372996977,balanced,gini,47,"{'class_weight': 'balanced', 'criterion': 'gini', 'max_depth': 47}",0.5579031521242576,0.6088465949598573,0.6768966248204064,0.6145315992422726,0.04874851438023989,155,1.0,1.0,1.0,1.0,0.0
0.006673018137613933,0.0004726631076461089,0.0010006427764892578,5.150429962800233e-07,balanced,gini,48,"{'class_weight': 'balanced', 'criterion': 'gini', 'max_depth': 48}",0.5579031521242576,0.6088465949598573,0.6768966248204064,0.6145315992422726,0.04874851438023989,155,1.0,1.0,1.0,1.0,0.0
0.011343955993652344,0.006134389507835801,0.0010007222493489583,0.0008173135023295638,balanced,gini,49,"{'class_weight': 'balanced', 'criterion': 'gini', 'max_depth': 49}",0.5579031521242576,0.6088465949598573,0.6768966248204064,0.6145315992422726,0.04874851438023989,155,1.0,1.0,1.0,1.0,0.0
0.0070056915283203125,8.485379419351666e-07,0.0006678899129231771,0.00047226952663482016,balanced,gini,50,"{'class_weight': 'balanced', 'criterion': 'gini', 'max_depth': 50}",0.5579031521242576,0.6088465949598573,0.6768966248204064,0.6145315992422726,0.04874851438023989,155,1.0,1.0,1.0,1.0,0.0
0.0020020008087158203,1.5451289888400699e-06,0.0006670157114664713,0.00047165158381917905,balanced,entropy,1,"{'class_weight': 'balanced', 'criterion': 'entropy', 'max_depth': 1}",0.712635853047731,0.6569819636007499,0.7415901908734669,0.7037387035241719,0.03510478045167475,21,0.7769001739267141,0.7141786565155301,0.7121563836285859,0.73441173802361,0.03005520238967459
0.0023354689280192056,0.0004719323518753975,0.0006671746571858724,0.00047176373437288107,balanced,entropy,2,"{'class_weight': 'balanced', 'criterion': 'entropy', 'max_depth': 2}",0.807510556104578,0.8500119990400774,0.8577611079053652,0.8384185045781569,0.022092775641754717,5,0.8231424976521751,0.8615711481722772,0.8503009800735151,0.8450048752993226,0.016129204145141116
0.0030035972595214844,5.150429962800233e-07,0.0010002454121907551,5.619579801452537e-07,balanced,entropy,3,"{'class_weight': 'balanced', 'criterion': 'entropy', 'max_depth': 3}",0.8328676296471721,0.8355815312682642,0.8667291381340247,0.8450557329244174,0.015361935825448212,3,0.8612830228339384,0.8645934665955364,0.8422871368677867,0.8560545420990872,0.009828388968588418
0.0070065657297770185,0.0035638147455789152,0.0010006427764892578,0.0008169240891517362,balanced,entropy,4,"{'class_weight': 'balanced', 'criterion': 'entropy', 'max_depth': 4}",0.8492233400402442,0.805522097655888,0.8712087912087908,0.8419869398111215,0.02729673902469814,4,0.8849008972474267,0.8897922358968764,0.8702228285210619,0.8816386538884551,0.008315531655082222
0.0073397159576416016,0.0033027957069847167,0.0013342698415120442,0.0004716513427792448,balanced,entropy,5,"{'class_weight': 'balanced', 'criterion': 'entropy', 'max_depth': 5}",0.7996412680998546,0.7738317757009341,0.8610839578581511,0.8115153957783355,0.03659235529078225,9,0.9096445182962345,0.9093793609083923,0.8787613210879893,0.8992617334308721,0.014496384762674352
0.005337874094645183,0.0004719323518753975,0.0010008811950683594,1.9466795466607238e-07,balanced,entropy,6,"{'class_weight': 'balanced', 'criterion': 'entropy', 'max_depth': 6}",0.7783873829829626,0.7580830804645803,0.88663824533307,0.8076940059557196,0.05642162102946481,10,0.9196313839320982,0.9232335744883683,0.8996275050428167,0.9141641544877611,0.010383627401341038
0.00600441296895345,2.247831920581015e-07,0.0006680488586425781,0.00047238251988894215,balanced,entropy,7,"{'class_weight': 'balanced', 'criterion': 'entropy', 'max_depth': 7}",0.7619560474249596,0.7507383037148327,0.8478040524832843,0.7868252513582893,0.04335132046126181,12,0.9384199620724749,0.937767244941848,0.9263705583995478,0.9341859218046236,0.005532717161166617
0.014346599578857422,0.0037746717576553923,0.0023353894551595054,0.0009434712578866359,balanced,entropy,8,"{'class_weight': 'balanced', 'criterion': 'entropy', 'max_depth': 8}",0.7438000799375736,0.754098360655737,0.832073887489504,0.7766474708087611,0.039408414339290494,14,0.9501764185326079,0.9470665567122146,0.9397228251794943,0.9456552668081056,0.0043827851033443
0.01100921630859375,0.00638282358598522,0.001668373743693034,0.0009439770150479973,balanced,entropy,9,"{'class_weight': 'balanced', 'criterion': 'entropy', 'max_depth': 9}",0.7049305902178915,0.748297139193845,0.8018359987613496,0.7516737190058472,0.03963640908404023,16,0.9634176359336581,0.9616136345868177,0.9489621489621477,0.957997806494208,0.006431481710687256
0.006339152654012044,0.0004721571350483414,0.0010011990865071614,2.9736021254650284e-07,balanced,entropy,10,"{'class_weight': 'balanced', 'criterion': 'entropy', 'max_depth': 10}",0.6832063969839322,0.7336841534204952,0.7915051787076522,0.736115847332943,0.04424954761581849,17,0.9735674635785149,0.9740036467830155,0.959365172667155,0.9689787610095619,0.006800165417591777
0.011010249455769857,0.00566195144654155,0.0013347466786702473,0.0004723257725730258,balanced,entropy,11,"{'class_weight': 'balanced', 'criterion': 'entropy', 'max_depth': 11}",0.657847712475851,0.6691295312860761,0.7775842317530558,0.7015072375805546,0.053979197756808,23,0.9799699549323984,0.9822810082355863,0.9664262621238483,0.9762257417639443,0.006993215414720955
0.007005612055460612,4.899036091938795e-07,0.001001119613647461,5.150429962800233e-07,balanced,entropy,12,"{'class_weight': 'balanced', 'criterion': 'entropy', 'max_depth': 12}",0.6408590774439276,0.6734053677239445,0.7705399568034554,0.694918389208486,0.05508701785534699,24,0.987635629573555,0.9891932646393556,0.9716258431061842,0.9828182457730316,0.007939729837645324
0.007006406784057617,1.1841189404925775e-06,0.0010010401407877605,6.836513890459241e-07,balanced,entropy,13,"{'class_weight': 'balanced', 'criterion': 'entropy', 'max_depth': 13}",0.6278920308483293,0.6120171673819729,0.7603483331415196,0.6667407166850103,0.06649215747164385,27,0.9898836621143142,0.9949443882709802,0.9791056222589609,0.9879778908814184,0.006605078863519803
0.011010090510050455,0.005661220928781401,0.0006676514943440756,0.000472100989423944,balanced,entropy,14,"{'class_weight': 'balanced', 'criterion': 'entropy', 'max_depth': 14}",0.6256057391238287,0.6331104994101443,0.7567980362743758,0.671824060539815,0.06015008995894875,26,0.9923142231080363,0.9959514170040481,0.9867953275774497,0.9916869892298447,0.003764178542562349
0.007006406784057617,3.371747880871523e-07,0.001001119613647461,1.9466795466607238e-07,balanced,entropy,15,"{'class_weight': 'balanced', 'criterion': 'entropy', 'max_depth': 15}",0.5788658785388894,0.5927798059221804,0.7144058632704554,0.6286687299811088,0.06087714021479921,104,0.9974515800203873,0.9962897585345544,0.9927133386047076,0.9954848923865498,0.0020163647265096394
0.011677424112955729,0.006604804532243197,0.0010008811950683594,0.0008172160736881718,balanced,entropy,16,"{'class_weight': 'balanced', 'criterion': 'entropy', 'max_depth': 16}",0.5726330027051397,0.6014569453956776,0.6934555569161871,0.6225000295937408,0.051523669785188665,109,0.99770583736936,0.999745999491999,0.9971773158840133,0.9982097175817909,0.0011075364014614198
0.01167766253153483,0.006607333378283095,0.0016678174336751301,0.0009425160047133505,balanced,entropy,17,"{'class_weight': 'balanced', 'criterion': 'entropy', 'max_depth': 17}",0.5730269910556175,0.6161728395061715,0.7009624304267161,0.6300367798350331,0.053144960568447586,102,0.9989790709545685,1.0,0.9997427321842037,0.9995739343795907,0.0004335462705663907
0.007006486256917317,6.25769923052137e-07,0.001000801722208659,1.1239159602905075e-07,balanced,entropy,18,"{'class_weight': 'balanced', 'criterion': 'entropy', 'max_depth': 18}",0.5812440717729398,0.6161728395061715,0.7009624304267161,0.6327774692761066,0.050268316753962435,98,0.9994892747701736,1.0,1.0,0.9998297582567245,0.00024075818222221555
0.007006486256917317,4.899036091938795e-07,0.001001119613647461,3.8933590933214475e-07,balanced,entropy,19,"{'class_weight': 'balanced', 'criterion': 'entropy', 'max_depth': 19}",0.5655122319386672,0.6161728395061715,0.7009624304267161,0.6275303396925358,0.05588133079812864,105,0.9997445721583652,1.0,1.0,0.9999148573861217,0.00012040983928253673
0.00700680414835612,1.4349198409134378e-06,0.0010004838307698567,7.370009816086851e-07,balanced,entropy,20,"{'class_weight': 'balanced', 'criterion': 'entropy', 'max_depth': 20}",0.587381289036841,0.6161728395061715,0.7009624304267161,0.6348244500873441,0.048211000333482176,97,0.9997445721583652,1.0,1.0,0.9999148573861217,0.00012040983928253673
0.007340749104817708,0.0004711462140166774,0.0006673336029052734,0.0004718769290497483,balanced,entropy,21,"{'class_weight': 'balanced', 'criterion': 'entropy', 'max_depth': 21}",0.5881802066958761,0.6161728395061715,0.7009624304267161,0.6350909176161088,0.047949539205936025,36,1.0,1.0,1.0,1.0,0.0
0.007673025131225586,0.00047187620627490306,0.0006676514943440756,0.000472100989423944,balanced,entropy,22,"{'class_weight': 'balanced', 'criterion': 'entropy', 'max_depth': 22}",0.5881802066958761,0.6161728395061715,0.7009624304267161,0.6350909176161088,0.047949539205936025,36,1.0,1.0,1.0,1.0,0.0
0.007340033849080403,0.00047165134277924473,0.000667413075764974,0.0004719324723236172,balanced,entropy,23,"{'class_weight': 'balanced', 'criterion': 'entropy', 'max_depth': 23}",0.5881802066958761,0.6161728395061715,0.7009624304267161,0.6350909176161088,0.047949539205936025,36,1.0,1.0,1.0,1.0,0.0
0.010676940282185873,0.005190075361949534,0.0013341108957926433,0.0004717639753553908,balanced,entropy,24,"{'class_weight': 'balanced', 'criterion': 'entropy', 'max_depth': 24}",0.5881802066958761,0.6161728395061715,0.7009624304267161,0.6350909176161088,0.047949539205936025,36,1.0,1.0,1.0,1.0,0.0
0.0070069630940755205,1.798265536464812e-06,0.0010000864664713542,9.602742174144245e-07,balanced,entropy,25,"{'class_weight': 'balanced', 'criterion': 'entropy', 'max_depth': 25}",0.5881802066958761,0.6161728395061715,0.7009624304267161,0.6350909176161088,0.047949539205936025,36,1.0,1.0,1.0,1.0,0.0
0.0070065657297770185,8.778064264605254e-07,0.0010009606679280598,4.49566384116203e-07,balanced,entropy,26,"{'class_weight': 'balanced', 'criterion': 'entropy', 'max_depth': 26}",0.5881802066958761,0.6161728395061715,0.7009624304267161,0.6350909176161088,0.047949539205936025,36,1.0,1.0,1.0,1.0,0.0
0.010676145553588867,0.005189962926544205,0.0013344287872314453,0.0004720447033220132,balanced,entropy,27,"{'class_weight': 'balanced', 'criterion': 'entropy', 'max_depth': 27}",0.5881802066958761,0.6161728395061715,0.7009624304267161,0.6350909176161088,0.047949539205936025,36,1.0,1.0,1.0,1.0,0.0
0.011677900950113932,0.005910998674260976,0.001001119613647461,0.0008173134250527818,balanced,entropy,28,"{'class_weight': 'balanced', 'criterion': 'entropy', 'max_depth': 28}",0.5881802066958761,0.6161728395061715,0.7009624304267161,0.6350909176161088,0.047949539205936025,36,1.0,1.0,1.0,1.0,0.0
0.0073392391204833984,0.0004710332191838044,0.00033402442932128906,0.00047238187811010033,balanced,entropy,29,"{'class_weight': 'balanced', 'criterion': 'entropy', 'max_depth': 29}",0.5881802066958761,0.6161728395061715,0.7009624304267161,0.6350909176161088,0.047949539205936025,36,1.0,1.0,1.0,1.0,0.0
0.007006168365478516,7.786718186642895e-07,0.0006678104400634766,0.00047221338099847975,balanced,entropy,30,"{'class_weight': 'balanced', 'criterion': 'entropy', 'max_depth': 30}",0.5881802066958761,0.6161728395061715,0.7009624304267161,0.6350909176161088,0.047949539205936025,36,1.0,1.0,1.0,1.0,0.0
0.012010733286539713,0.006383147718976402,0.0013345082600911458,0.000471314409210715,balanced,entropy,31,"{'class_weight': 'balanced', 'criterion': 'entropy', 'max_depth': 31}",0.5881802066958761,0.6161728395061715,0.7009624304267161,0.6350909176161088,0.047949539205936025,36,1.0,1.0,1.0,1.0,0.0
0.00900880495707194,0.001415909540887182,0.001000801722208659,1.1239159602905075e-07,balanced,entropy,32,"{'class_weight': 'balanced', 'criterion': 'entropy', 'max_depth': 32}",0.5881802066958761,0.6161728395061715,0.7009624304267161,0.6350909176161088,0.047949539205936025,36,1.0,1.0,1.0,1.0,0.0
0.007006406784057617,5.150429962800233e-07,0.0010010401407877605,7.867411722033552e-07,balanced,entropy,33,"{'class_weight': 'balanced', 'criterion': 'entropy', 'max_depth': 33}",0.5881802066958761,0.6161728395061715,0.7009624304267161,0.6350909176161088,0.047949539205936025,36,1.0,1.0,1.0,1.0,0.0
0.00734098752339681,0.00047181996028893236,0.0010002454121907551,7.370009816086851e-07,balanced,entropy,34,"{'class_weight': 'balanced', 'criterion': 'entropy', 'max_depth': 34}",0.5881802066958761,0.6161728395061715,0.7009624304267161,0.6350909176161088,0.047949539205936025,36,1.0,1.0,1.0,1.0,0.0
0.007339874903361003,0.0004715961413898423,0.0010009606679280598,9.989583563785977e-07,balanced,entropy,35,"{'class_weight': 'balanced', 'criterion': 'entropy', 'max_depth': 35}",0.5881802066958761,0.6161728395061715,0.7009624304267161,0.6350909176161088,0.047949539205936025,36,1.0,1.0,1.0,1.0,0.0
0.0070065657297770185,6.836513890459241e-07,0.0010008811950683594,8.485379419351666e-07,balanced,entropy,36,"{'class_weight': 'balanced', 'criterion': 'entropy', 'max_depth': 36}",0.5881802066958761,0.6161728395061715,0.7009624304267161,0.6350909176161088,0.047949539205936025,36,1.0,1.0,1.0,1.0,0.0
0.007005850474039714,8.99132768232406e-07,0.0010015169779459636,2.247831920581015e-07,balanced,entropy,37,"{'class_weight': 'balanced', 'criterion': 'entropy', 'max_depth': 37}",0.5881802066958761,0.6161728395061715,0.7009624304267161,0.6350909176161088,0.047949539205936025,36,1.0,1.0,1.0,1.0,0.0
0.011675755182902018,0.006605984644718571,0.0016687711079915364,0.0009440332560060365,balanced,entropy,38,"{'class_weight': 'balanced', 'criterion': 'entropy', 'max_depth': 38}",0.5881802066958761,0.6161728395061715,0.7009624304267161,0.6350909176161088,0.047949539205936025,36,1.0,1.0,1.0,1.0,0.0
0.00700680414835612,1.5854785715150837e-06,0.001001278559366862,2.9736021254650284e-07,balanced,entropy,39,"{'class_weight': 'balanced', 'criterion': 'entropy', 'max_depth': 39}",0.5881802066958761,0.6161728395061715,0.7009624304267161,0.6350909176161088,0.047949539205936025,36,1.0,1.0,1.0,1.0,0.0
0.011678377787272135,0.0066063218367154175,0.0016679763793945312,0.000943920944709427,balanced,entropy,40,"{'class_weight': 'balanced', 'criterion': 'entropy', 'max_depth': 40}",0.5881802066958761,0.6161728395061715,0.7009624304267161,0.6350909176161088,0.047949539205936025,36,1.0,1.0,1.0,1.0,0.0
0.007006009419759114,2.247831920581015e-07,0.000999768575032552,1.2363075563195582e-06,balanced,entropy,41,"{'class_weight': 'balanced', 'criterion': 'entropy', 'max_depth': 41}",0.5881802066958761,0.6161728395061715,0.7009624304267161,0.6350909176161088,0.047949539205936025,36,1.0,1.0,1.0,1.0,0.0
0.007006009419759114,5.947204250930057e-07,0.0010016759236653645,2.9736021254650284e-07,balanced,entropy,42,"{'class_weight': 'balanced', 'criterion': 'entropy', 'max_depth': 42}",0.5881802066958761,0.6161728395061715,0.7009624304267161,0.6350909176161088,0.047949539205936025,36,1.0,1.0,1.0,1.0,0.0
0.007007201512654622,1.1734027115689438e-06,0.0010000864664713542,4.49566384116203e-07,balanced,entropy,43,"{'class_weight': 'balanced', 'criterion': 'entropy', 'max_depth': 43}",0.5881802066958761,0.6161728395061715,0.7009624304267161,0.6350909176161088,0.047949539205936025,36,1.0,1.0,1.0,1.0,0.0
0.011676947275797525,0.006605478881819371,0.0013343493143717449,0.00047142655959197545,balanced,entropy,44,"{'class_weight': 'balanced', 'criterion': 'entropy', 'max_depth': 44}",0.5881802066958761,0.6161728395061715,0.7009624304267161,0.6350909176161088,0.047949539205936025,36,1.0,1.0,1.0,1.0,0.0
0.007339795430501302,0.0004709769932174506,0.00033362706502278644,0.0004718199201299551,balanced,entropy,45,"{'class_weight': 'balanced', 'criterion': 'entropy', 'max_depth': 45}",0.5881802066958761,0.6161728395061715,0.7009624304267161,0.6350909176161088,0.047949539205936025,36,1.0,1.0,1.0,1.0,0.0
0.0073401133219401045,0.00047243832457325894,0.0006671746571858724,0.000471763814700398,balanced,entropy,46,"{'class_weight': 'balanced', 'criterion': 'entropy', 'max_depth': 46}",0.5881802066958761,0.6161728395061715,0.7009624304267161,0.6350909176161088,0.047949539205936025,36,1.0,1.0,1.0,1.0,0.0
0.0073401133219401045,0.0004729438761537881,0.0010003248850504558,6.836513890459241e-07,balanced,entropy,47,"{'class_weight': 'balanced', 'criterion': 'entropy', 'max_depth': 47}",0.5881802066958761,0.6161728395061715,0.7009624304267161,0.6350909176161088,0.047949539205936025,36,1.0,1.0,1.0,1.0,0.0
0.007006168365478516,6.743495761743046e-07,0.001001596450805664,1.0115243642614567e-06,balanced,entropy,48,"{'class_weight': 'balanced', 'criterion': 'entropy', 'max_depth': 48}",0.5881802066958761,0.6161728395061715,0.7009624304267161,0.6350909176161088,0.047949539205936025,36,1.0,1.0,1.0,1.0,0.0
0.0073393980662028,0.0004714266399769444,0.0010009606679280598,2.247831920581015e-07,balanced,entropy,49,"{'class_weight': 'balanced', 'criterion': 'entropy', 'max_depth': 49}",0.5881802066958761,0.6161728395061715,0.7009624304267161,0.6350909176161088,0.047949539205936025,36,1.0,1.0,1.0,1.0,0.0
0.007006645202636719,1.0300859925600466e-06,0.0010005633036295574,4.49566384116203e-07,balanced,entropy,50,"{'class_weight': 'balanced', 'criterion': 'entropy', 'max_depth': 50}",0.5881802066958761,0.6161728395061715,0.7009624304267161,0.6350909176161088,0.047949539205936025,36,1.0,1.0,1.0,1.0,0.0
0.0010013580322265625,6.743495761743046e-07,0.001000801722208659,9.199648620915592e-07,,gini,1,"{'class_weight': None, 'criterion': 'gini', 'max_depth': 1}",0.4407187429516575,0.4761839254393496,0.0,0.30567521961647265,0.21658039342394428,199,0.5082103291087602,0.5434423101386618,0.0,0.3505508797491406,0.24829386163911396
0.002001682917277018,9.199648620915593e-07,0.0010008811950683594,1.9466795466607238e-07,,gini,2,"{'class_weight': None, 'criterion': 'gini', 'max_depth': 2}",0.29983539324275293,0.43414703377802916,0.5785434896829977,0.43746685642913297,0.1138149249350976,198,0.3712198158644876,0.5330360264174857,0.5887489532372516,0.497668265173075,0.09226010442625762
0.0026694138844807944,0.0004715954985408437,0.0006673336029052734,0.0004718761259665186,,gini,3,"{'class_weight': None, 'criterion': 'gini', 'max_depth': 3}",0.6074791259548766,0.7608158387876477,0.7827503551623322,0.7169818635452162,0.07798107408834153,19,0.7103276387746227,0.8252859887457452,0.7501471767835961,0.7619202681013212,0.04766417114494838
0.0033359527587890625,0.00047255047552836746,0.0009999275207519531,3.371747880871523e-07,,gini,4,"{'class_weight': None, 'criterion': 'gini', 'max_depth': 4}",0.5698519530870267,0.4756612267867182,0.560819125204814,0.5354545441363717,0.04243120855619624,195,0.7238880981674038,0.6086118135016673,0.6433731534138707,0.6586243550276473,0.04828115446411798
0.004003365834554036,7.370009816086852e-07,0.0006672541300455729,0.0004718199602889324,,gini,5,"{'class_weight': None, 'criterion': 'gini', 'max_depth': 5}",0.5622115572742235,0.6536189293180222,0.5941436471135998,0.6033122337985714,0.037878419464856206,189,0.7460112825047067,0.7733615004529693,0.7586889440899212,0.7593539090158657,0.011175575726226005
0.004671335220336914,0.00047255047552836746,0.0010002454121907551,4.899036091938795e-07,,gini,6,"{'class_weight': None, 'criterion': 'gini', 'max_depth': 6}",0.597849366659064,0.5160784313725479,0.6050253429405441,0.5729919266021506,0.0403412882130072,192,0.7984182511818145,0.705925557945323,0.7708523638679019,0.7583987243316798,0.03877322468584516
0.00834035873413086,0.004031198355239702,0.001001437505086263,0.0008178001084444894,,gini,7,"{'class_weight': None, 'criterion': 'gini', 'max_depth': 7}",0.646281220992884,0.5157157157157147,0.6613801555617574,0.6078040450785566,0.06539267773080774,187,0.8661550129069768,0.82574985327279,0.8467763413512137,0.8462270691769934,0.016499909216054466
0.006005207697550456,4.899036091938795e-07,0.0010170936584472656,2.3433849914343552e-05,,gini,8,"{'class_weight': None, 'criterion': 'gini', 'max_depth': 8}",0.6541472046421913,0.5768763196621652,0.6605225526551781,0.630522531018577,0.03801418465638703,101,0.9075905382457179,0.8754632301242,0.8758070745085064,0.8862869476261414,0.015064567417288259
0.010675589243570963,0.005912424861073669,0.000667730967203776,0.0004721571350483414,,gini,9,"{'class_weight': None, 'criterion': 'gini', 'max_depth': 9}",0.6336886256026638,0.5396470704216084,0.6355306160202255,0.6029647645676666,0.04476849740165782,190,0.9084225074498053,0.8877894383281383,0.9057444549876106,0.900652133588518,0.009160774649508428
0.006673097610473633,0.00047137099690188665,0.0010006427764892578,1.9466795466607238e-07,,gini,10,"{'class_weight': None, 'criterion': 'gini', 'max_depth': 10}",0.651192069445253,0.526143790849672,0.6346930732091831,0.6040239639019592,0.05546761818886826,188,0.9590871644419017,0.9416707513479446,0.9408979196530532,0.9472186118142999,0.0083982626502062
0.007338921229044597,0.00047226964699704637,0.0010011990865071614,4.49566384116203e-07,,gini,11,"{'class_weight': None, 'criterion': 'gini', 'max_depth': 11}",0.6350341241468968,0.5659050966608072,0.6575383780197243,0.6194972496621132,0.038984939193743406,112,0.9729739792828617,0.9695189330657256,0.9585028649972797,0.9669985924486223,0.006170757640477075
0.007339080174763997,0.0004721570949180422,0.0006672541300455729,0.0004718199602889324,,gini,12,"{'class_weight': None, 'criterion': 'gini', 'max_depth': 12}",0.6499337405692508,0.5973656545668157,0.64087609053749,0.6293980628255339,0.022945144326402444,103,0.9827233706763593,0.9940920045127739,0.9791485951737752,0.9853213234543028,0.0063712055188709215
0.007339636484781901,0.000472100909153797,0.0010010401407877605,2.9736021254650284e-07,,gini,13,"{'class_weight': None, 'criterion': 'gini', 'max_depth': 13}",0.6362748290459138,0.5899450361767524,0.6704051840774762,0.6322095839030659,0.03296840523600394,100,0.9957983193277311,0.997050206485546,0.9898024004099906,0.9942169754077558,0.0031631376481953753
0.011010169982910156,0.005663187794244362,0.0013347466786702473,0.0004711462140166774,,gini,14,"{'class_weight': None, 'criterion': 'gini', 'max_depth': 14}",0.6572831148626636,0.5557402198926095,0.6537409744044904,0.6222654004771724,0.04705192958580685,110,0.9979035639412999,0.9978118161925601,0.9940594059405939,0.9965915953581513,0.0017909200330448055
0.0073401133219401045,0.000472101390774474,0.0006668567657470703,0.0004715389511856095,,gini,15,"{'class_weight': None, 'criterion': 'gini', 'max_depth': 15}",0.6379366634018939,0.5716459548567069,0.6440292445166531,0.6178767107710563,0.03277716453733352,113,1.0,1.0,1.0,1.0,0.0
0.007007996241251628,0.0008204291130451579,0.0010010401407877605,4.49566384116203e-07,,gini,16,"{'class_weight': None, 'criterion': 'gini', 'max_depth': 16}",0.6379366634018939,0.5716459548567069,0.6440292445166531,0.6178767107710563,0.03277716453733352,113,1.0,1.0,1.0,1.0,0.0
0.011676788330078125,0.005912335145729793,0.001334826151529948,0.00047159549854084375,,gini,17,"{'class_weight': None, 'criterion': 'gini', 'max_depth': 17}",0.6379366634018939,0.5716459548567069,0.6440292445166531,0.6178767107710563,0.03277716453733352,113,1.0,1.0,1.0,1.0,0.0
0.007006247838338216,0.0008183841122864427,0.000667572021484375,0.00047204534555926787,,gini,18,"{'class_weight': None, 'criterion': 'gini', 'max_depth': 18}",0.6379366634018939,0.5716459548567069,0.6440292445166531,0.6178767107710563,0.03277716453733352,113,1.0,1.0,1.0,1.0,0.0
0.007340431213378906,0.00047120225894440053,0.0010007222493489583,5.947204250930057e-07,,gini,19,"{'class_weight': None, 'criterion': 'gini', 'max_depth': 19}",0.6379366634018939,0.5716459548567069,0.6440292445166531,0.6178767107710563,0.03277716453733352,113,1.0,1.0,1.0,1.0,0.0
0.00700688362121582,3.371747880871523e-07,0.0010006427764892578,8.485379419351666e-07,,gini,20,"{'class_weight': None, 'criterion': 'gini', 'max_depth': 20}",0.6379366634018939,0.5716459548567069,0.6440292445166531,0.6178767107710563,0.03277716453733352,113,1.0,1.0,1.0,1.0,0.0
0.00700680414835612,1.1239159602905075e-07,0.0010007222493489583,5.947204250930057e-07,,gini,21,"{'class_weight': None, 'criterion': 'gini', 'max_depth': 21}",0.6379366634018939,0.5716459548567069,0.6440292445166531,0.6178767107710563,0.03277716453733352,113,1.0,1.0,1.0,1.0,0.0
0.007007042566935222,7.370009816086851e-07,0.0006668567657470703,0.0004715389511856095,,gini,22,"{'class_weight': None, 'criterion': 'gini', 'max_depth': 22}",0.6379366634018939,0.5716459548567069,0.6440292445166531,0.6178767107710563,0.03277716453733352,113,1.0,1.0,1.0,1.0,0.0
0.007340749104817708,0.00047165182485899015,0.000999768575032552,2.247831920581015e-07,,gini,23,"{'class_weight': None, 'criterion': 'gini', 'max_depth': 23}",0.6379366634018939,0.5716459548567069,0.6440292445166531,0.6178767107710563,0.03277716453733352,113,1.0,1.0,1.0,1.0,0.0
0.011342922846476236,0.00613292845416185,0.0013345877329508464,0.00047193267307058174,,gini,24,"{'class_weight': None, 'criterion': 'gini', 'max_depth': 24}",0.6379366634018939,0.5716459548567069,0.6440292445166531,0.6178767107710563,0.03277716453733352,113,1.0,1.0,1.0,1.0,0.0
0.007006168365478516,5.150429962800233e-07,0.0010005633036295574,4.052336624139774e-07,,gini,25,"{'class_weight': None, 'criterion': 'gini', 'max_depth': 25}",0.6379366634018939,0.5716459548567069,0.6440292445166531,0.6178767107710563,0.03277716453733352,113,1.0,1.0,1.0,1.0,0.0
0.007006168365478516,7.018852922382233e-07,0.0010010401407877605,2.247831920581015e-07,,gini,26,"{'class_weight': None, 'criterion': 'gini', 'max_depth': 26}",0.6379366634018939,0.5716459548567069,0.6440292445166531,0.6178767107710563,0.03277716453733352,113,1.0,1.0,1.0,1.0,0.0
0.007006406784057617,3.371747880871523e-07,0.0010017553965250652,5.947204250930057e-07,,gini,27,"{'class_weight': None, 'criterion': 'gini', 'max_depth': 27}",0.6379366634018939,0.5716459548567069,0.6440292445166531,0.6178767107710563,0.03277716453733352,113,1.0,1.0,1.0,1.0,0.0
0.011344591776529947,0.00613292869514442,0.001666704813639323,0.0009444839056927031,,gini,28,"{'class_weight': None, 'criterion': 'gini', 'max_depth': 28}",0.6379366634018939,0.5716459548567069,0.6440292445166531,0.6178767107710563,0.03277716453733352,113,1.0,1.0,1.0,1.0,0.0
0.011676947275797525,0.005912586310651867,0.0016682147979736328,0.0009434151374049436,,gini,29,"{'class_weight': None, 'criterion': 'gini', 'max_depth': 29}",0.6379366634018939,0.5716459548567069,0.6440292445166531,0.6178767107710563,0.03277716453733352,113,1.0,1.0,1.0,1.0,0.0
0.01668127377827962,0.0061879202430166775,0.001334826151529948,0.000943864703750795,,gini,30,"{'class_weight': None, 'criterion': 'gini', 'max_depth': 30}",0.6379366634018939,0.5716459548567069,0.6440292445166531,0.6178767107710563,0.03277716453733352,113,1.0,1.0,1.0,1.0,0.0
0.007339795430501302,0.0004721570949180422,0.0010007222493489583,5.947204250930057e-07,,gini,31,"{'class_weight': None, 'criterion': 'gini', 'max_depth': 31}",0.6379366634018939,0.5716459548567069,0.6440292445166531,0.6178767107710563,0.03277716453733352,113,1.0,1.0,1.0,1.0,0.0
0.007006247838338216,2.247831920581015e-07,0.001001596450805664,6.743495761743046e-07,,gini,32,"{'class_weight': None, 'criterion': 'gini', 'max_depth': 32}",0.6379366634018939,0.5716459548567069,0.6440292445166531,0.6178767107710563,0.03277716453733352,113,1.0,1.0,1.0,1.0,0.0
0.007340192794799805,0.0004710332191838044,0.0003331502278645833,0.0004711455705537808,,gini,33,"{'class_weight': None, 'criterion': 'gini', 'max_depth': 33}",0.6379366634018939,0.5716459548567069,0.6440292445166531,0.6178767107710563,0.03277716453733352,113,1.0,1.0,1.0,1.0,0.0
0.007005771001180013,4.899036091938795e-07,0.0010017553965250652,5.947204250930057e-07,,gini,34,"{'class_weight': None, 'criterion': 'gini', 'max_depth': 34}",0.6379366634018939,0.5716459548567069,0.6440292445166531,0.6178767107710563,0.03277716453733352,113,1.0,1.0,1.0,1.0,0.0
0.007005612055460612,4.899036091938795e-07,0.001001596450805664,5.150429962800233e-07,,gini,35,"{'class_weight': None, 'criterion': 'gini', 'max_depth': 35}",0.6379366634018939,0.5716459548567069,0.6440292445166531,0.6178767107710563,0.03277716453733352,113,1.0,1.0,1.0,1.0,0.0
0.007006009419759114,9.602742174144247e-07,0.001001437505086263,8.778064264605253e-07,,gini,36,"{'class_weight': None, 'criterion': 'gini', 'max_depth': 36}",0.6379366634018939,0.5716459548567069,0.6440292445166531,0.6178767107710563,0.03277716453733352,113,1.0,1.0,1.0,1.0,0.0
0.007674376169840495,0.0004713141679983425,0.00033346811930338543,0.00047159513693789695,,gini,37,"{'class_weight': None, 'criterion': 'gini', 'max_depth': 37}",0.6379366634018939,0.5716459548567069,0.6440292445166531,0.6178767107710563,0.03277716453733352,113,1.0,1.0,1.0,1.0,0.0
0.0073401133219401045,0.0004719323518753975,0.0010000069936116536,4.49566384116203e-07,,gini,38,"{'class_weight': None, 'criterion': 'gini', 'max_depth': 38}",0.6379366634018939,0.5716459548567069,0.6440292445166531,0.6178767107710563,0.03277716453733352,113,1.0,1.0,1.0,1.0,0.0
0.01301105817159017,0.005359185571524595,0.0016680558522542317,0.000471763814700398,,gini,39,"{'class_weight': None, 'criterion': 'gini', 'max_depth': 39}",0.6379366634018939,0.5716459548567069,0.6440292445166531,0.6178767107710563,0.03277716453733352,113,1.0,1.0,1.0,1.0,0.0
0.010676383972167969,0.005190468691464122,0.0010015169779459636,6.836513890459241e-07,,gini,40,"{'class_weight': None, 'criterion': 'gini', 'max_depth': 40}",0.6379366634018939,0.5716459548567069,0.6440292445166531,0.6178767107710563,0.03277716453733352,113,1.0,1.0,1.0,1.0,0.0
0.0070073604583740234,1.9466795466607238e-07,0.0010003248850504558,6.25769923052137e-07,,gini,41,"{'class_weight': None, 'criterion': 'gini', 'max_depth': 41}",0.6379366634018939,0.5716459548567069,0.6440292445166531,0.6178767107710563,0.03277716453733352,113,1.0,1.0,1.0,1.0,0.0
0.007338523864746094,0.0004710332191838044,0.0010011990865071614,4.899036091938795e-07,,gini,42,"{'class_weight': None, 'criterion': 'gini', 'max_depth': 42}",0.6379366634018939,0.5716459548567069,0.6440292445166531,0.6178767107710563,0.03277716453733352,113,1.0,1.0,1.0,1.0,0.0
0.007340351740519206,0.0004726073027757551,0.0010005633036295574,1.1239159602905075e-07,,gini,43,"{'class_weight': None, 'criterion': 'gini', 'max_depth': 43}",0.6379366634018939,0.5716459548567069,0.6440292445166531,0.6178767107710563,0.03277716453733352,113,1.0,1.0,1.0,1.0,0.0
0.01134332021077474,0.006133153262067776,0.0016682942708333333,0.0009435275289914031,,gini,44,"{'class_weight': None, 'criterion': 'gini', 'max_depth': 44}",0.6379366634018939,0.5716459548567069,0.6440292445166531,0.6178767107710563,0.03277716453733352,113,1.0,1.0,1.0,1.0,0.0
0.0073401133219401045,0.00047159658334802046,0.0010013580322265625,3.371747880871523e-07,,gini,45,"{'class_weight': None, 'criterion': 'gini', 'max_depth': 45}",0.6379366634018939,0.5716459548567069,0.6440292445166531,0.6178767107710563,0.03277716453733352,113,1.0,1.0,1.0,1.0,0.0
0.007006645202636719,5.150429962800233e-07,0.001001119613647461,3.8933590933214475e-07,,gini,46,"{'class_weight': None, 'criterion': 'gini', 'max_depth': 46}",0.6379366634018939,0.5716459548567069,0.6440292445166531,0.6178767107710563,0.03277716453733352,113,1.0,1.0,1.0,1.0,0.0
0.007339318593343099,0.0004718200807658439,0.0010011990865071614,4.899036091938795e-07,,gini,47,"{'class_weight': None, 'criterion': 'gini', 'max_depth': 47}",0.6379366634018939,0.5716459548567069,0.6440292445166531,0.6178767107710563,0.03277716453733352,113,1.0,1.0,1.0,1.0,0.0
0.007339636484781901,0.0004726066613021584,0.0010005633036295574,2.9736021254650284e-07,,gini,48,"{'class_weight': None, 'criterion': 'gini', 'max_depth': 48}",0.6379366634018939,0.5716459548567069,0.6440292445166531,0.6178767107710563,0.03277716453733352,113,1.0,1.0,1.0,1.0,0.0
0.007006088892618815,9.79807218387759e-07,0.0010009606679280598,2.9736021254650284e-07,,gini,49,"{'class_weight': None, 'criterion': 'gini', 'max_depth': 49}",0.6379366634018939,0.5716459548567069,0.6440292445166531,0.6178767107710563,0.03277716453733352,113,1.0,1.0,1.0,1.0,0.0
0.011676470438639322,0.00591116014355957,0.000667413075764974,0.0004719323117259841,,gini,50,"{'class_weight': None, 'criterion': 'gini', 'max_depth': 50}",0.6379366634018939,0.5716459548567069,0.6440292445166531,0.6178767107710563,0.03277716453733352,113,1.0,1.0,1.0,1.0,0.0
0.0010004043579101562,1.9466795466607238e-07,0.001001119613647461,3.371747880871523e-07,,entropy,1,"{'class_weight': None, 'criterion': 'entropy', 'max_depth': 1}",0.0,0.0,0.0,0.0,0.0,200,0.0,0.0,0.0,0.0,0.0
0.0030029614766438804,0.001415740769493194,0.001001278559366862,0.000817216266903127,,entropy,2,"{'class_weight': None, 'criterion': 'entropy', 'max_depth': 2}",0.44686690044214034,0.3257334059606249,0.5945494000510594,0.4557138830308775,0.10990536005705075,197,0.47699178192022595,0.43120882055390575,0.6087454422687373,0.5056486815809563,0.07525833923272855
0.0026693344116210938,0.0004718761259665186,0.0010006427764892578,3.371747880871523e-07,,entropy,3,"{'class_weight': None, 'criterion': 'entropy', 'max_depth': 3}",0.6589733050892117,0.3257334059606249,0.6179404952788169,0.5342535981347347,0.1483613749546267,196,0.7533629657578522,0.43120882055390575,0.5650304990379499,0.5832007617832359,0.13214497633078578
0.003669897715250651,0.00047165182485899015,0.0006674925486246744,0.0004719885175601573,,entropy,4,"{'class_weight': None, 'criterion': 'entropy', 'max_depth': 4}",0.6019345696506684,0.6065191712160382,0.6715473323733346,0.6266595183572734,0.031788409663651304,106,0.7114705933836308,0.7068847419683598,0.7148152347834845,0.7110568567118251,0.003250801193335146
0.005004088083902995,8.778064264605254e-07,0.0006668567657470703,0.0004715389511856095,,entropy,5,"{'class_weight': None, 'criterion': 'entropy', 'max_depth': 5}",0.5560453217647844,0.5834465799521118,0.6635339375604886,0.6009949671770359,0.045605135944600896,191,0.6873379581937342,0.7565120617631104,0.7279698271555595,0.723939949037468,0.02838361134400975
0.005002895991007487,0.0008177033016335969,0.0010011990865071614,5.947204250930057e-07,,entropy,6,"{'class_weight': None, 'criterion': 'entropy', 'max_depth': 6}",0.5794053579371142,0.558936232928306,0.6906290418790344,0.6096476965436566,0.057856184542364866,186,0.7255148217348745,0.811456462299282,0.7767079299461769,0.7712264046601112,0.035298977655845214
0.005338112513224284,0.000472100909153797,0.000667413075764974,0.00047193295411618867,,entropy,7,"{'class_weight': None, 'criterion': 'entropy', 'max_depth': 7}",0.5880896541150148,0.5435768428718006,0.558459854923366,0.563382951153716,0.018503910192598907,193,0.7568687498520104,0.810445421266426,0.7218504953298202,0.7630548888160855,0.03643227929451489
0.00567173957824707,0.0004717078900507154,0.0010010401407877605,2.247831920581015e-07,,entropy,8,"{'class_weight': None, 'criterion': 'entropy', 'max_depth': 8}",0.5521333710087594,0.5342093038688688,0.5665763606005676,0.5509733639836322,0.013237251367811653,194,0.8008433488421755,0.8538908621246376,0.7656137124844021,0.806782641150405,0.03628287182673645
0.009007851282755533,0.004246098303295124,0.0013350645701090496,0.00047226948651407126,,entropy,9,"{'class_weight': None, 'criterion': 'entropy', 'max_depth': 9}",0.5938192406937743,0.5719360568383647,0.6824866270475014,0.6160738854109679,0.04779274756622044,151,0.8698854032390799,0.8744582296957157,0.849850596463118,0.8647314097993046,0.010686647107814742
0.010343392690022787,0.00544095653960694,0.0013341903686523438,0.00047120225894440053,,entropy,10,"{'class_weight': None, 'criterion': 'entropy', 'max_depth': 10}",0.6585499431267643,0.5841688150482179,0.6198902837984073,0.6208811162457992,0.030376346366878193,111,0.9198811355407945,0.9256284293137415,0.8673316935410396,0.9042804194651918,0.02623183952110782
0.010676383972167969,0.005189962970354475,0.0010016759236653645,0.0008179947763918037,,entropy,11,"{'class_weight': None, 'criterion': 'entropy', 'max_depth': 11}",0.6478472978733485,0.6431424766977352,0.6592403103587995,0.6500760183765962,0.006757425038256274,29,0.9453564619935272,0.9659872447907139,0.8851111861615045,0.9321516309819152,0.03431238732958063
0.007674058278401692,0.0009443706314175334,0.0006673336029052734,0.0004718761259665186,,entropy,12,"{'class_weight': None, 'criterion': 'entropy', 'max_depth': 12}",0.6490975528734363,0.5573076923076912,0.6334408899542116,0.6132929146984751,0.040091403225562566,184,0.9688076180082817,0.9646197082448653,0.9117285263529491,0.948385284202032,0.02597656724885409
0.006339311599731445,0.0004720447033220132,0.0010010401407877605,5.947204250930057e-07,,entropy,13,"{'class_weight': None, 'criterion': 'entropy', 'max_depth': 13}",0.6551825307012032,0.6145038167938918,0.6550018927217338,0.6415668802090377,0.01913226217409619,32,0.9860125267731937,0.9854571951125037,0.9357030909040085,0.9690576042632353,0.02358629219676084
0.007005850474039714,2.247831920581015e-07,0.001001119613647461,3.8933590933214475e-07,,entropy,14,"{'class_weight': None, 'criterion': 'entropy', 'max_depth': 14}",0.6202673983805451,0.5801068301779437,0.6712576202303003,0.6238761873652416,0.03729399112967385,108,0.9851380042462845,0.997557817041924,0.9488755074654744,0.9771904429178943,0.020653726293750018
0.006673018137613933,0.0004718200807658439,0.000667730967203776,0.0004721572554392185,,entropy,15,"{'class_weight': None, 'criterion': 'entropy', 'max_depth': 15}",0.6408590774439274,0.5797037364581019,0.6284811786156388,0.6163554363768873,0.02639899802187941,150,0.9997445721583652,1.0,0.9585028649972797,0.9860824790518817,0.019502010911632832
0.011010249455769857,0.005661782886757477,0.0013339519500732422,0.0012480845760211535,,entropy,16,"{'class_weight': None, 'criterion': 'entropy', 'max_depth': 16}",0.6470164668534278,0.5797037364581019,0.6708311313528373,0.6325215119661087,0.038584468080433296,99,1.0,1.0,0.9674796747967472,0.9891598915989158,0.01533022831840788
0.006673336029052734,0.00047204667017084606,0.001001119613647461,7.786718186642895e-07,,entropy,17,"{'class_weight': None, 'criterion': 'entropy', 'max_depth': 17}",0.6470164668534278,0.5797037364581019,0.6850016401893246,0.6372435813750504,0.04353365051752004,34,1.0,1.0,0.9834857326277148,0.9944952442092383,0.0077849002968470886
0.014011700948079428,0.005893056013119071,0.0020023187001546225,0.0008176054173224228,,entropy,18,"{'class_weight': None, 'criterion': 'entropy', 'max_depth': 18}",0.6470164668534278,0.5797037364581019,0.6862921163676485,0.6376736095522278,0.04400708313694435,33,1.0,1.0,0.9918062409777788,0.9972687469925928,0.0038625750453473735
0.01334691047668457,0.005316936017958772,0.0013333956400553386,0.000472100909153797,,entropy,19,"{'class_weight': None, 'criterion': 'entropy', 'max_depth': 19}",0.6470164668534278,0.5797037364581019,0.6790357545793387,0.6352555563675348,0.04139080070824098,35,1.0,1.0,0.9957901672950908,0.9985967224316971,0.001984534168868113
0.00667262077331543,0.0004713705145349331,0.000667413075764974,0.0004719323117259841,,entropy,20,"{'class_weight': None, 'criterion': 'entropy', 'max_depth': 20}",0.6470164668534278,0.5797037364581019,0.6781784823045655,0.6349698856671703,0.0410895148830074,66,1.0,1.0,0.9980276134122287,0.9993425378040762,0.0009297919542229992
0.006673256556193034,0.0004719889992955193,0.001001278559366862,4.052336624139774e-07,,entropy,21,"{'class_weight': None, 'criterion': 'entropy', 'max_depth': 21}",0.6470164668534278,0.5797037364581019,0.6781784823045656,0.6349698856671703,0.04108951488300744,66,1.0,1.0,1.0,1.0,0.0
0.01167734464009603,0.007324719893916932,0.0013349850972493489,0.00047232689581883623,,entropy,22,"{'class_weight': None, 'criterion': 'entropy', 'max_depth': 22}",0.6470164668534278,0.5797037364581019,0.6781784823045656,0.6349698856671703,0.04108951488300744,66,1.0,1.0,1.0,1.0,0.0
0.00667270024617513,0.00047210098942394396,0.0010006427764892578,1.9466795466607238e-07,,entropy,23,"{'class_weight': None, 'criterion': 'entropy', 'max_depth': 23}",0.6470164668534278,0.5797037364581019,0.6781784823045656,0.6349698856671703,0.04108951488300744,66,1.0,1.0,1.0,1.0,0.0
0.00667270024617513,0.000472100909153797,0.0010006427764892578,1.1680077279964342e-06,,entropy,24,"{'class_weight': None, 'criterion': 'entropy', 'max_depth': 24}",0.6470164668534278,0.5797037364581019,0.6781784823045656,0.6349698856671703,0.04108951488300744,66,1.0,1.0,1.0,1.0,0.0
0.011010964711507162,0.006382163160612292,0.0013336340586344402,0.00047260702213116365,,entropy,25,"{'class_weight': None, 'criterion': 'entropy', 'max_depth': 25}",0.6470164668534278,0.5797037364581019,0.6781784823045656,0.6349698856671703,0.04108951488300744,66,1.0,1.0,1.0,1.0,0.0
0.01434628168741862,0.003302779605381511,0.0016680558522542317,0.000943864804124319,,entropy,26,"{'class_weight': None, 'criterion': 'entropy', 'max_depth': 26}",0.6470164668534278,0.5797037364581019,0.6781784823045656,0.6349698856671703,0.04108951488300744,66,1.0,1.0,1.0,1.0,0.0
0.007673819859822591,0.0009431905953007039,0.0010009606679280598,2.9736021254650284e-07,,entropy,27,"{'class_weight': None, 'criterion': 'entropy', 'max_depth': 27}",0.6470164668534278,0.5797037364581019,0.6781784823045656,0.6349698856671703,0.04108951488300744,66,1.0,1.0,1.0,1.0,0.0
0.007005453109741211,1.1841189404925775e-06,0.0006674925486246744,0.00047198875842789976,,entropy,28,"{'class_weight': None, 'criterion': 'entropy', 'max_depth': 28}",0.6470164668534278,0.5797037364581019,0.6781784823045656,0.6349698856671703,0.04108951488300744,66,1.0,1.0,1.0,1.0,0.0
0.006673971811930339,0.00047114561077023757,0.0010008811950683594,0.0,,entropy,29,"{'class_weight': None, 'criterion': 'entropy', 'max_depth': 29}",0.6470164668534278,0.5797037364581019,0.6781784823045656,0.6349698856671703,0.04108951488300744,66,1.0,1.0,1.0,1.0,0.0
0.0070069630940755205,1.4349198409134378e-06,0.0006667772928873698,0.0004714829060926334,,entropy,30,"{'class_weight': None, 'criterion': 'entropy', 'max_depth': 30}",0.6470164668534278,0.5797037364581019,0.6781784823045656,0.6349698856671703,0.04108951488300744,66,1.0,1.0,1.0,1.0,0.0
0.006672223409016927,0.0004719324723236172,0.0006674925486246744,0.0004719885175601573,,entropy,31,"{'class_weight': None, 'criterion': 'entropy', 'max_depth': 31}",0.6470164668534278,0.5797037364581019,0.6781784823045656,0.6349698856671703,0.04108951488300744,66,1.0,1.0,1.0,1.0,0.0
0.006673653920491536,0.0004719323518753975,0.001000801722208659,2.9736021254650284e-07,,entropy,32,"{'class_weight': None, 'criterion': 'entropy', 'max_depth': 32}",0.6470164668534278,0.5797037364581019,0.6781784823045656,0.6349698856671703,0.04108951488300744,66,1.0,1.0,1.0,1.0,0.0
0.006673494974772136,0.0004724946306209645,0.0006670951843261719,0.000471707528533926,,entropy,33,"{'class_weight': None, 'criterion': 'entropy', 'max_depth': 33}",0.6470164668534278,0.5797037364581019,0.6781784823045656,0.6349698856671703,0.04108951488300744,66,1.0,1.0,1.0,1.0,0.0
0.0070044199625651045,2.4802663380825098e-06,0.000667572021484375,0.0004720457068173396,,entropy,34,"{'class_weight': None, 'criterion': 'entropy', 'max_depth': 34}",0.6470164668534278,0.5797037364581019,0.6781784823045656,0.6349698856671703,0.04108951488300744,66,1.0,1.0,1.0,1.0,0.0
0.010343631108601889,0.004718199345871873,0.0016674995422363281,0.0009437523121643287,,entropy,35,"{'class_weight': None, 'criterion': 'entropy', 'max_depth': 35}",0.6470164668534278,0.5797037364581019,0.6781784823045656,0.6349698856671703,0.04108951488300744,66,1.0,1.0,1.0,1.0,0.0
0.0066725413004557295,0.0004716514231259032,0.001001437505086263,8.778064264605253e-07,,entropy,36,"{'class_weight': None, 'criterion': 'entropy', 'max_depth': 36}",0.6470164668534278,0.5797037364581019,0.6781784823045656,0.6349698856671703,0.04108951488300744,66,1.0,1.0,1.0,1.0,0.0
0.006671746571858724,0.0004712579621498098,0.001001278559366862,2.9736021254650284e-07,,entropy,37,"{'class_weight': None, 'criterion': 'entropy', 'max_depth': 37}",0.6470164668534278,0.5797037364581019,0.6781784823045656,0.6349698856671703,0.04108951488300744,66,1.0,1.0,1.0,1.0,0.0
0.006672302881876628,0.0004716514231259032,0.000667730967203776,0.0004721572554392185,,entropy,38,"{'class_weight': None, 'criterion': 'entropy', 'max_depth': 38}",0.6470164668534278,0.5797037364581019,0.6781784823045656,0.6349698856671703,0.04108951488300744,66,1.0,1.0,1.0,1.0,0.0
0.007006247838338216,7.867411722033553e-07,0.001001914342244466,8.778064264605253e-07,,entropy,39,"{'class_weight': None, 'criterion': 'entropy', 'max_depth': 39}",0.6470164668534278,0.5797037364581019,0.6781784823045656,0.6349698856671703,0.04108951488300744,66,1.0,1.0,1.0,1.0,0.0
0.015346129735310873,0.005911886654354567,0.001668691635131836,0.0012489129988953835,,entropy,40,"{'class_weight': None, 'criterion': 'entropy', 'max_depth': 40}",0.6470164668534278,0.5797037364581019,0.6781784823045656,0.6349698856671703,0.04108951488300744,66,1.0,1.0,1.0,1.0,0.0
0.008008321126302084,0.001415740903329881,0.0006664594014485677,0.00047125800235667525,,entropy,41,"{'class_weight': None, 'criterion': 'entropy', 'max_depth': 41}",0.6470164668534278,0.5797037364581019,0.6781784823045656,0.6349698856671703,0.04108951488300744,66,1.0,1.0,1.0,1.0,0.0
0.006671508153279622,0.00047109018923549383,0.0010016759236653645,7.370009816086851e-07,,entropy,42,"{'class_weight': None, 'criterion': 'entropy', 'max_depth': 42}",0.6470164668534278,0.5797037364581019,0.6781784823045656,0.6349698856671703,0.04108951488300744,66,1.0,1.0,1.0,1.0,0.0
0.006672302881876628,0.00047182056267318226,0.0010006427764892578,1.9466795466607238e-07,,entropy,43,"{'class_weight': None, 'criterion': 'entropy', 'max_depth': 43}",0.6470164668534278,0.5797037364581019,0.6781784823045656,0.6349698856671703,0.04108951488300744,66,1.0,1.0,1.0,1.0,0.0
0.011343717575073242,0.006134558106812446,0.0013338724772135417,0.0004717637343728811,,entropy,44,"{'class_weight': None, 'criterion': 'entropy', 'max_depth': 44}",0.6470164668534278,0.5797037364581019,0.6781784823045656,0.6349698856671703,0.04108951488300744,66,1.0,1.0,1.0,1.0,0.0
0.0066716670989990234,0.000471707528533926,0.001000801722208659,7.370009816086851e-07,,entropy,45,"{'class_weight': None, 'criterion': 'entropy', 'max_depth': 45}",0.6470164668534278,0.5797037364581019,0.6781784823045656,0.6349698856671703,0.04108951488300744,66,1.0,1.0,1.0,1.0,0.0
0.0063393910725911455,0.00047266286712201297,0.0010009606679280598,5.947204250930057e-07,,entropy,46,"{'class_weight': None, 'criterion': 'entropy', 'max_depth': 46}",0.6470164668534278,0.5797037364581019,0.6781784823045656,0.6349698856671703,0.04108951488300744,66,1.0,1.0,1.0,1.0,0.0
0.006673336029052734,0.00047137071552122374,0.0010003248850504558,1.2961631163199813e-06,,entropy,47,"{'class_weight': None, 'criterion': 'entropy', 'max_depth': 47}",0.6470164668534278,0.5797037364581019,0.6781784823045656,0.6349698856671703,0.04108951488300744,66,1.0,1.0,1.0,1.0,0.0
0.007005929946899414,7.018852922382233e-07,0.001000801722208659,4.052336624139774e-07,,entropy,48,"{'class_weight': None, 'criterion': 'entropy', 'max_depth': 48}",0.6470164668534278,0.5797037364581019,0.6781784823045656,0.6349698856671703,0.04108951488300744,66,1.0,1.0,1.0,1.0,0.0
0.010676701863606771,0.005912110900021769,0.0010009606679280598,9.989583563785977e-07,,entropy,49,"{'class_weight': None, 'criterion': 'entropy', 'max_depth': 49}",0.6470164668534278,0.5797037364581019,0.6781784823045656,0.6349698856671703,0.04108951488300744,66,1.0,1.0,1.0,1.0,0.0
0.007673184076944987,0.0009438086735837314,0.001012881596883138,1.614257922169818e-05,,entropy,50,"{'class_weight': None, 'criterion': 'entropy', 'max_depth': 50}",0.6470164668534278,0.5797037364581019,0.6781784823045656,0.6349698856671703,0.04108951488300744,66,1.0,1.0,1.0,1.0,0.0
